Categoria,sum,mean,max,count
Alimentação,6220.2,565.4727272727273,962.51,11
Aluguel,8386.36,599.0257142857143,922.03,14
Educação,6879.2699999999995,458.618,966.74,15
Investimento,29393.64,2449.47,4421.18,12
Lazer,7877.42,562.6728571428572,982.31,14
Outros,4889.56,543.2844444444445,953.46,9
Saúde,8291.89,637.8376923076922,993.68,13
Transporte,4881.12,406.76,716.96,12
